ocm09894353,0960485856;9780960485857
ocn154713233,9780738550046;0738550043
ocn970955022,9781576874134;1576874133
ocn166359951,9781594482823
ocn123391052,9780415953863
ocn163625265,9789004162112
ocn165081811,9780415954419
ocm02121632,0525233776;0380017911
ocm55679244,0807829188
ocm55511438,1400061504
ocm57557578,0743226712
ocm56517442,0813535859;0813535867
ocm57506556,081560808X
ocm56956099,1558494839
ocm49949939,0945936508
ocm23063025,0962819409
ocm38560854,0966189507
ocm61191817,0813536006
ocm56526458,0813535875
ocm61117854,1560256516
ocm59011624,014303927X
ocm58478348,1931666105
ocn977738720,0805078428
ocm01002797,0805235086;9780805235081;0805203877;9780805203875
ocm56334128,1400040299
ocm60323178,1565849973
ocm01974205,0026154102
ocm57283702,1567922864
ocm60341513,156898541X;1568985649
ocm60644856,067401913X
ocm58563501,0807036269
ocm60321664,9781566891745;1566891744
ocm62083464,0738537926
ocm60824133,0823224929
ocm07460770,091005052X
ocm01502289,0030152615
ocm60028961,9780471735120;0471735124
ocm60743196,9780802714398;0802714390;0802715087;9780802715081
ocm57475869,0805077146;9780805077148
ocm31775322,0964298503
ocm62341614,9780743267274
ocm50606494,0760738874
ocm58831506,0691121052;9780691121055;9780691136318;0691136319
ocm60603261,0810856662
ocm60605200,9780374116903;0374116903
ocm60550567,0345476387
ocm62322291,9781584655619;1584655615
ocm60668978,9780374272296;0374272298
ocm61229821,1565849604
ocm60742074,9780472114931;047211493X
ocm05267863,091005004X
ocm00595378,0517500477
ocm05755000,0517109085
ocm04136972,0810314002
ocm07813210,0940134012
ocm05678798,0806308664
ocm07359463,0850110335
ocm10319687,085033473X
ocm02491903,0915156016
ocm09897377,0003058506
ocm06286774,0915156237
ocm00969463,084670028X
ocm00941006,0950245518
ocm01120475,0717948404
ocm00508024,0806305436
ocm19659091,0806312505
ocm07762256,3518065653
ocm07943795,0906428092;0907099068
ocm07965691,0906428076;0907099017
ocm02137307,0950395102
ocm10878270,0950395137
ocm10878280,0950395153
ocm03033792,0903857065
ocm16241089,0340056142
ocm04193278,0394413083
ocm01975103,0396072895
ocm62302625,1565849922;1565848802;9781565849921;9781565848801
ocm57007982,1402204000
ocm60492308,0872731545;1904832113
ocm20825676,0140124020
ocm00636030,083696666X
ocm00486557,0405047088
ocm00591501,0316200700
ocm00206431,0837152054
ocm01287625,0394474368
ocm01727850,0672521121
ocm20392585,0312039026
ocm27301061,0963531204
ocm62895814,0814799450;0814799469
ocm00089646,0836954394
ocm62742626,159213436X;1592134378
ocm00002550,0671214837
ocm25708350,0316493562
ocm29647588,156171240X
ocm02034813,0385095783
ocm01258607,0840210760
ocm20014403,0812918053
ocm31470515,053310811X
ocm14066930,0688039146
ocm62302519,0385513968
ocm15163737,0531150429
ocm34782642,0894906909
ocm21563280,0312045891
ocm00021716,0814314066
ocn367437306,0838311245
ocm00100322,0838300561
ocm23286954,0915924366
ocm00843157,0841419086
ocm32159658,0940209039
ocm06421929,0379005409
ocm00677047,0670401803
ocm00964851,0060213760
ocm01637910,0835208311
ocm08346175,0960850007
ocm13946850,0688060900
ocm03516499,0379005301
ocm15429721,0960850015
ocm34704948,0783562500;078356256X
ocm29643353,0896770478
ocm22511427,0960997059
ocm04809558,0852634013
ocm04809293,0241899346
ocm22965806,0533082226
ocm00072370,0531018717
ocm02211855,0915156008
ocm00069870,0871980754
ocm00118990,0873800702
ocm00010958,0837111404
ocm03563655,0917482115
ocm25315997,0918222923
ocm20660673,3570020568
ocm25645223,0831742577
ocm19693197,0961512830
ocm21517205,1555215394
ocm00514860,0913252069
ocm32393591,0964097745
ocm22509162,0312053959
ocm24009244,155972093X
ocm00104609,0070089566
ocm00447348,0384336507
ocm13007032,0850333989
ocm08473993,0394520955;0394712234
ocm03173572,0878610944
ocm25954769,0848804252
ocm01177700,0671220578
ocm22977031,094371611X
ocm08115064,0025416804
ocm29846376,0899509819
ocm24287957,0791011909;0791012247
ocm31621845,0848815246
ocm02073867,0275225704
ocm26345784,1555217613
ocm29643328,0896770486
ocm26856351,1558593802
ocm10752318,0880111089
ocm22309023,0525249583
ocm00081255,0815403232
ocm37370204,1896219306
ocm36365996,0943716225
ocm07177043,0312106009
ocm22115538,0060164778
ocm35758463,0919387292
ocm08805737,0871961172;0871966964
ocm15629928,0887362060
ocm18111994,082172469X
ocm31754597,0312115768
ocm02141617,0910684014
ocm21897915,0831706554
ocm01053984,0448116707
ocm37313199,9171510591
ocm22907034,0898025699;0898025664
ocm16464579,0806308303
ocm03205396,088000102X
ocm33883603,9071056090
ocm30594012,0385475454
ocm07307687,0394515978
ocm00667258,0316839183
ocm00235327,0520013824;0520020510
ocm13360770,0517561875
ocm08709224,0201077892
ocm02071086,0030167310
ocm31477234,0380773376
ocm18961996,0941325016
ocm09323286,0828905053
ocm37152730,0964028395
ocm07282565,0872730808
ocm32863106,8068907459
ocm03126678,091369620X
ocm31863538,0964028328
ocm13159188,0872731049
ocm07796636,0872730840
ocm07739747,0872730816
ocm05664782,087273076X
ocm20720029,0915410540
ocm30642790,0962991317
ocm00521038,0671213741
ocm14129407,0399513086
ocm11687578,0913057002
ocm28890565,0820420948
ocm17171274,093873900X
ocm35033716,077342704X
ocm12415407,0892570822
ocm01499802,0823302172
ocm18672844,0935350152
ocm02387946,082330244X
ocm20117463,0962023701
ocm09621719,090190547X
ocm14161660,0934088179
ocm30038140,0963729616
ocm24861066,1555216749
ocm12987460,0890098719
ocm00005666,0671650610
ocm08679129,0892570520
ocm37310378,0533102367
ocm00910035,0877990379
ocm05126083,088229525X
ocm00267548,0396065023
ocm00100698,0393054144
ocm03494083,0790533022
ocm03713046,0806307781
ocm22630647,0930163079
ocm22630653,0930163117
ocm22630657,0930163044
ocm22630662,0930163036
ocm22630592,093016332X
ocm04800874,0892570369
ocm01636951,0915836017
ocm27691322,0517092573
ocm62127715,015101065X
ocm09949413,0892570555
ocm12344225,0396087205
ocm02646242,0690011970
ocm26807188,0345366476
ocm37327586,1885492405
ocm02199724,0668038799
ocm27035128,0451525752
ocm36133388,0151002673
ocm01034293,0672519976
ocm16577902,0670819549
ocm04903215,0892570210;0916530124
ocm24628070,0393033589
ocm18740003,0892570237
ocm08345613,0393016064
ocm22995679,0533057531
ocm00226814,0912292229
ocm00297693,0913352012
ocm04422903,091229244X
ocm07450721,0912292652
ocm20486069,0345360613
ocm13457917,0870213067
ocm23593594,0533090318
ocm07171664,0671253565
ocm37211207,0609602373
ocm00959833,0800862481
ocm15196985,031200169X
ocm09541340,0850334659
ocm09142559,0850334209
ocm36159151,0312156863
ocm01197488,0835207323
ocm13760369,0312417985
ocm12160952,0312107986
ocm20931845,0140131973
ocm12389585,0806311282
ocm33256954,0914199102
ocm32162367,0821748890
ocm11234887,0916583023;0916583031
ocm00095323,0836936426
ocm21275590,068809287X
ocm20319581,0152423885;0152423893
ocm02944588,0553022717
ocm20319576,0152056483
ocm20500893,015299646X
ocm25015081,0962842109
ocm34286031,1881889866
ocm33864533,1557093261
ocm17995672,0553155660
ocm20766098,055315771X
ocm34663262,0822534096
ocm11756064,0880450428
ocm10723411,0060240040
ocm22766294,0688104746;0688104754
ocm14964828,0689312830
ocm21601016,0689315120
ocm21160546,0374382581
ocm00216906,0670447994;0670448001
ocm09646783,083890386X
ocm00012600,0060257636
ocm08475378,0810815656
ocm16406210,0871113287
ocm04942842,0960186417
ocm10682764,0900661291
ocm00370198,0871061139
ocm02801430,0810810077
ocm11518237,0396085792
ocm01091781,0872871061
ocm00730705,0806305630
ocm00640897,0835206637
ocm07882570,0906428084;090709905X
ocm60026783,0850334225
ocm20311300,0960997024
ocm00333714,0838315925
ocm35262631,0964847809
ocm01090070,0819540730
ocm00048765,0871980789
ocm00858229,0670529400
ocm07864268,0960585419
ocm12286740,0911333347
ocm12811230,091133307X
ocm09565703,0835216039
ocm18876726,044651389X
ocn949851912,0195014080;0195038908
ocm00617988,0871061147
ocm00446568,0950221007
ocm16217001,0902938037
ocm38193574,0965871606
ocm00641835,0804808996
ocm60058886,0904079015
ocm17519480,0901510025
ocm34295852,0452270987
ocm05943111,0930476042
ocm07281629,0667006133
ocm52839663,0760738858
ocm04515079,051753665X
ocm10510825,0961211601
ocm01323908,0870121901
ocm02595425,0891020632
ocm27432541,1568210191
ocm10090948,0850334942
ocm30511311,0969742908
ocm00119639,0804807175
ocm12070603,0806311142
ocm16669383,0806312009
ocm16281760,0806311908
ocm12720867,0936124083
ocm11717005,0916489019
ocm09066870,0898652960
ocm07583526,087012417X
ocm02188350,0385037872
ocm03361169,0911704159
ocm15365558,0917890965
ocm11622630,0389205656
ocm13365037,0961486708
ocm02555592,0848704150
ocm00390222,0806301880
ocm15719791,0930194136
ocn361887853,0941770028
ocm17456686,0961957700
ocm05591209,0894120360
ocm09228598,0806310065
ocm01054141,0842508996
ocm15052978,0824086848
ocm32573619,0806302356
ocm05196945,0810314037
ocm10551023,0936124075
ocm00266697,0806304847
ocm00548321,0195016009
ocm39720964,0965871614
ocm00154471,0393086399
ocm04309162,0895930420
ocm00323719,0873510658
ocm00677297,0806305568
ocm00095191,030670062X
ocm00194773,0836958969
ocm13824686,0905080262
ocm05851142,0891451129
ocm00012646,0870000519
ocm00695273,0870111973
ocm00031267,0837110588
ocm11898499,0892570806
ocm02118549,0030151317;0030151260
ocm12080774,0897811186
ocm06487888,0806308885
ocm11384745,0806310855
ocm00109923,0806304243
ocm50671607,0945936516
ocm48072565,0961298413
ocm46884111,0822540576;0822541513
ocm57077387,9781878741615;1878741616
ocm50079560,1557871612;1557871604
ocm28724604,1851583645
ocm04768263,0878461302
ocm08208344,0950245542
ocm00379305,0470961651
ocm22655590,0913559148;0913559210;0913559318
ocm08676227,089257058X
ocm13017458,0892570849
ocm00233636,0070011354
ocm20276374,0961487615
ocm08817085,0892570547
ocm40344104,0962592706
ocm40384130,0966209516
ocm00886297,0060114384;0060114384
ocm42890626,0787622176
ocm43668760,0787632805
ocm44872713,0787632813
ocm45893188,0787634530
ocm47934333,0787634549
ocm50949352,0787657549
ocm62784762,0787669644
ocm62784807,0787663662
ocm56111748,0974556106;0974556114
ocm41966902,0931141893
ocm43915884,0967163706
ocm52600442,0945936591
ocm48908562,094593646X
ocm51102120,0945936524
ocm35138574,0815604114
ocm52527028,0785816631
ocm57251081,0972980318
ocm57590530,0738536377
ocm51293968,1401600190
ocm58844136,1582619433
ocm51223597,0911020357
ocm32922675,0898659493
ocm59783368,0247127140
ocm61130513,1401058434
ocm02695136,0806505540
ocm44619075,0375705937
ocm39811784,0684859033
ocm57532951,0971975612
ocm47919228,0738505064
ocm22731304,0922066647
ocm28218990,0920474764
ocm56819113,073853529X
ocm39269529,1566396611
ocm35444474,0848817362
ocm44046737,0312203713
ocm32549354,1567990843
ocm02542347,0806307307
ocm02125736,080630619X
ocm19881930,1556131844
ocm07200037,0932334326;0932334318
ocm34767390,0689319134
ocm38924327,0684847884
ocm36165210,0609600303;0609800108
ocm30894677,051759790X;0517597918;0517885670
ocm41326852,0960807616
ocm21219207,0937854301
ocm50149498,0822547171
ocm36917006,0878339825
ocm11970063,0486249395
ocm43245887,0811710491
ocm49570507,0945936486
ocm48134379,0945936443
ocm50617443,0945936532
ocm27937012,0151143668
ocm26668089,1878741128
ocm22256870,0961103698
cbh-000093,0345329937
ocm44486797,0967858305
ocm00133683,0309018714
ocm08846125,048624489X
on1087073565,0810903156
ocm25197795,0917185021
ocm20243858,093208706X
ocm25488943,0915057433
ocm19886199,091505728X
ocm20826163,080946800X;0809468018
ocm10467430,0913693006
ocm12336062,0892570814
ocm08475853,0878512128
ocm08064089,0442264151
ocm03730361,0684155826
ocm08596343,0892570539
ocm18017640,1851701443
ocm09716070,0892570598
ocm13110622,0946495416
ocm15143140,0939549018
ocm22115816,1877692018
ocm00842536,085524058X;0855240598
ocm01050506,0855241438;0855241446
ocm01676162,0226473325
ocm00720684,0871690985
ocm01991097,0396072925
ocm00105361,0811712591
ocm00046004,0664324479
ocm00093526,0396062296
ocm00632485,0843730803
ocm00821451,0871521857
ocm00097764,0838311164
ocm00388363,0690872569
ocm00488317,0811712621
ocm00148701,0812210018
ocm26850580,0919387187
ocm00150745,0486226239
ocm09783823,0911333096
ocn968975778,0911333088
ocm09783761,0911333053
ocm09783766,0911333061
ocm50881997,0595198902
ocm00060542,083570002X
ocm37531086,0964865106
ocm00120203,0837151805
ocm00210399,0716505649
ocm12976149,0933793006
ocm09488395,0911357017;0911357009
ocm00142196,0804809828
ocm11917752,0821215981;0821217607
ocm11037723,0536042063
ocm16541621,0940209071;0940209004
ocm29509600,0963836803
ocm01150084,0405036019
ocm01363535,0960080414
ocm28929104,0810925788
ocm10952470,093325010X
ocm55881288,074353722X
ocm62615854,0813538831;0813538971;9780813538839;9780813538976
ocm22614854,034535723X
ocm00726106,090293807X
ocm25194479,0910050260
ocm47099272,0938106295
ocm26974348,0920474675
ocm42776764,0785810536
ocm45905718,1582480486;1582480826
ocm17919211,039302654X
ocm00488297,0806305282
ocm54999395,031232331X
ocm72447468,1878741705
ocm65064986,0061145025;0060754001;9780061145025;9780060754006
ocm41126339,0787622168
ocm40683701,078761937X
ocm39747937,0787619361
ocm38854668,0787618799
ocm38474614,0787612030
ocm36145161,0787601144
ocm34638751,0810393298
ocm32344410,0810357321
ocm30350771,0810385511
ocm27828356,0810380412
ocm25604785,0810376032
ocm23851510,0810369699
ocm19765128,0810325772
ocm18030829,0810325764
ocm15746244,0810325756
ocm13706644,0810317990
ocm12679997,0810317923
ocm11706324,0810317915
ocm20817271,0536039534
ocm66902906,140108334X
ocm39119878,1575027569;1575027577;1575027585
ocm08628463,0843712503
ocm49744853,0760724865
ocm01136635,067804029X;9780678040294
ocm38747969,0810834987
ocm71329949,9780814748022;9780814748039
ocm71790183,1589065654;9781589065659
cbh-000231,0802170374;9780802170378
ocm71223273,0805242430;9780805242430
ocm77708574,9781570036873;157003687X
ocm76961265,9780812977752;0812977750
ocm63264394,0897257650
ocm85892317,9780226509068;0226509060;9780226509075;0226509079
ocn176632736,0375829962;9780375829963
ocn123912516,9781584656371;1584656379
ocn475766763,0761122036;0761116354
ocn123145572,0195144937
ocm05284383,0524007349
ocm00354722,091298001X
ocm00219575,0498078825
ocm03860643,052405116X
ocm00914913,0684138875
cbh-000353,0790581299
ocm06425208,0935292004
ocm03958605,0801534259
ocm01502238,0394498968;0394731050
ocm01504478,0816607400
ocm01154990,082620161X
ocm00759630,0821205412;0821205415
ocm01992995,081800813X
ocm00206734,0811705447
ocm00805088,0871061198
ocm05103579,0838620639;9780838620632
ocm35072094,0788404539
ocn475738083,0665168772
ocn475744279,0665333633
ocm00132847,0195013778
ocn475745161,0665088221
ocm00514627,0811705420
ocm01173706,0912480092
ocm01177062,0837178037
ocm07544062,0665051468;0665051468
ocm00874097,0394491319
ocm02231897,0895930978
ocm03779849,0895930994
ocm04269618,0895931001
ocm00609374,0804690308
ocm07462944,0873954963;0873954971
ocm00723986,0396067905
ocm03730190,0873953770
ocm00903036,0871061430
ocm04493536,0394418603
ocm01255595,0804691096
ocm01055435,0385089023
ocm08195716,0020809603
ocm01992892,0913344206
ocm05028682,0897810023
ocm04454405,0915276186
ocm05171186,0226114600;0226114619
ocm04592907,0486236927
ocm01976083,0395243491.;039524353X
ocm01602023,0828902577
ocm01994048,0890620113
ocm00644697,0379005093
ocm01070071,0226123626
ocm07173748,0810916029;0810922509
ocm00275270,0806109041
ocm00108066,0870331493
ocm07552844,0313228884
ocn214581292,0880001011
ocm00704951,0231033656
cbh-000425,080480026X
ocm00934571,0819540749;0819540757
ocm00278257,0394474244;0394707591
ocm01091745,0025855808
ocm00005520,811715019
ocm00085575,0874740091
ocm04831679,0809427176;0809427168
ocm03034553,0070042101
ocm00215936,007035846X
ocm00388469,0498077276
ocm00942634,0903857022
ocm01602192,0910050171;0910050449;0910050481
ocm01408134,0912396040
ocm08805739,0816103968
ocm04036318,0810314010
ocm08112865,0872730913
ocm02371648,0533018269
ocn475844983,0665297904
ocm00137903,0815600771
ocm17164114,0812275829
cbh-000463,0790553457
ocm00144467,0839811764
cbh-000471,0812962508
ocn969882327,0844400459
ocm00697756,0804613052
cbh-000487,0665523831
ocm45830069,0300084153;0300097999
ocm36258820,1573225789
ocm01582558,0814737501
ocm03542679,0890620571;0890620563
ocm07553174,0916346420
ocm03205327,081476570X
ocm07329497,0821211005
ocm08667213,0385274270
ocn221600717,0665026986;0665026986
ocn702132043,1931082049
ocm32089733,0771007035
ocm00600232,0684131854
ocm45871060,1929545010
ocm45284576,1586850474
ocm47705974,1584650036
ocm21974439,0872731278
ocm25165515,087273126X
ocm11561518,0887941214
ocm28761967,0806313897
ocm47013081,0814793681;9780814793688;081479369X;9780814793695
ocm46402452,0226684466
ocn123123336,0195147340
ocm32395903,0300055366
ocm45610042,0393730654
ocm06054769,0536019258
ocm48211270,9040095876;0914738461
ocm06357913,0536032289
ocm04334587,0536030383
ocm48493909,0471024651
ocm33189600,0964724308
ocm47224972,0801868866
ocm05626868,0892710004
ocm19381266,0810822083
ocm20255884,0810822520
ocm20704515,187769200X
ocm43837568,0945936249
ocm51632931,9780738523613;0738523615
ocm00095565,0394448006
ocm50545117,096482535X
ocm45112683,9781878741455;1878741454
ocm38026900,1878741497;1878741489
ocm38210686,1878741330
ocm33481890,1878741217;1878741209
ocm48817409,082632844X
ocm50002477,1586852116
ocm08111390,0486241440
ocm35601163,0752404741
ocm49530268,0812236750
ocm50658296,0802713742;9780802713742
ocm41886976,0967095409;9780967095400
ocm49383875,0300081227
ocm01093457,0517519992
ocm02644554,0486233596
ocm50253131,0813531381
ocm49880083,1571457925
ocm50028767,0674008936;9780674008939;0674025784;9780674025783
ocm50004867,0773470271
ocm49251925,0738857351;073885736X
ocm50253166,1580084559
ocm35636886,0863162436
ocm50004317,082322208X;0823222098
ocm49551746,1843310090;1843310104
ocm50143193,0226317749
ocm52477271,0814781438;0814781446
ocm50519209,081083765X
ocm50919925,0810945045
ocm51477246,0971785708
ocm51647551,0814782663;9780814782668;0814782671;9780814782675
ocm52199100,0962186317
ocm02645466,080469172X
ocm50761287,0786414057
ocm52121127,0743407091
cbh-000604,0393057372;0393324664
ocm51854972,0674011821
ocm00535330,0839804547
ocm51848598,0071411852
ocm51629829,0385500696
ocn405977966,2711820432
ocm53007101,1403962421
ocn491520695,0847825221
ocm51810438,0375422501
ocm46420250,1586850415
ocm52386097,0809085143
ocm52477207,0385503490
ocm53083988,1594200092;9780143034759
ocm53435103,1588341631
ocm54479608,0872731502;9780872731509
ocm52720715,1582343853
ocm55086496,0789310686
ocm54817113,0814798322
ocm54001226,0571211429
ocm15629623,0394559703
ocm54543457,0814716423
ocm55959106,1931648018
ocm52602709,0618308997;9780618308996
ocm39679211,0688159001
ocm52139187,0945936583
ocm54374603,0399151974
ocn491759022,186154264X
ocm55765510,0393057976
ocm54803542,158479349X
ocm52381540,0910385017
ocm28176455,0941980332
ocm55097534,1578067057
ocm08668951,0806508035
ocm57405991,061841911X
ocm00052451,0828100217
ocm02641021,0801531187
ocm02893997,0405101562
ocm02119341,0379005247
ocm36912919,082221329X
ocn228665152,094561232X
ocm08345672,0815622708;0815601751
ocm09154776,0521239168
ocm00579245,0807606618
ocm00799649,0262040441;0262540258
ocm00800694,0815301042;0815301034
ocm00138576,0195014006
cbh-000607,0805049274
ocm10185161,0671495364
ocm35029647,0810830434
ocm35235597,0316340944
ocm35317462,0313302065
ocm14166461,0934552460;0934552460
ocm13524556,0890622167;0890622183
ocm11755654,0939432005
ocm15483546,0806311673;0806311681;080631169X
on1104804600,0870703803;0870703811
ocm15686086,0806311843
ocm15682041,0806311789
ocn864694246,0969244703
ocm13359510,0809448122;0809448130
ocm11531688,0809447525;0809447533
ocm16505368,0915974320
ocn226118014,0941980146
ocm17222544,0961928204;9780961928209
ocm03120740,0910946191
ocm14377177,0910946302
ocm14167164,0486252507
ocm08409591,0884010384
ocm03294611,091748214X
ocm17983496,0939072068
ocm36528141,0679444955
ocm36566084,0802713262
ocm14514970,0931474337;0931474345
cbh-000632,0880970286
ocm18961485,1557870411;1557870403
cbh-000633,0571129110
ocm23144439,0671690345
ocm17258290,0941980189
ocm22758193,0942691032
ocm00246548,0060138815
ocm17673719,0934088209
ocm00793361,0812903455
ocm22763071,0962644307;0962644315;0962644323
ocm23766809,0395513723
ocm05750595,0910050422
ocm18588012,0835719030
ocm22762699,0870996053
ocm10430400,0399128468
ocm20824646,0962228206
ocm24363147,0932087159
ocm00362153,0486209547
ocm25044436,0961505923
ocm26819346,0962189715
ocm20140812,0916746143
ocm07793123,0486239632
ocm25526478,0961975512
ocm28147893,067167756X
ocm00239864,0856990256
ocm02595494,067068628X
ocm28891539,0300058500;0937311111
ocm31901471,0963548611
ocm04097068,0912920521
ocm29788403,0963898108
ocm30751164,0815804849
ocm30011251,1877692050
ocm30933373,0963489518
ocm29953337,0520079000
ocm30029344,0815626266;0815626274
ocm36994345,0847820521
ocm01504704,0960084614
ocm34354648,0881503363;9780881503364
ocm09946323,0960878831;0960878823
ocm27641624,0941980316
ocm04754156,0960224211
ocm00089242,0871551152
ocm11573572,0806307870;9780806307879
ocm37136596,1577150139
ocm09686635,0913479004
ocm10550501,0916489000
ocm09371690,0533047285
ocm09488805,094198012X
ocm09579252,0806310243;9780806310244
ocm10301894,0517545632
ocm04857901,0525062157
ocm10696040,0802224539
ocm10185534,0804693498
ocn476499012,0914576151
on1048980052,0844404292
ocm36969686,0802713300
ocm36130720,1568981058
ocm00179823,0070154678;0070154686
ocm00094320,828100977
ocm35174993,0810912406
ocm36470256,0865435863
ocm13860977,0847806189
ocm02907741,0486232875
ocm09066539,0895268426;0895266202
ocm00446043,0837160731
ocm00677300,0060103361
ocm32970222,0803970587;0803970595
ocm36824762,0316853259
ocm00932144,0877220638
ocm18949665,0791401332;0791401324
ocm07203510,0910050503;0393014282
ocm19456159,0070371636
ocm20491020,0679730222;0394586506;0679726993;0394546636
ocm21042829,1557870659;1557870586
ocm21300615,0915410559
ocm21302907,0876637764
cbh-000663,0890621403
ocm00357416,0815621558;9780815621553
ocm21160298,0394562852
ocm20130687,0152004580
ocm22980662,0816105006
ocm11472650,0918305004
ocm00088701,0813902878;0813902878
ocn775574128,0486220842
cbh-000666,0486217434
ocm38304511,0393045811
ocm37905330,0252024001
ocm06486991,044651215X;0446975524
ocm06486612,0446512168;0446975532
ocm23356019,0935576401
ocm25027380,019861117X
cbh-000668,071780061X
ocm00333472,080630488X
ocm00112507,0486224406
ocm10275562,048624640X
ocm15518137,0896597687
ocm38249825,0345423712
ocm37820171,0520207947
ocm39527315,1885254857
ocm37993479,0670864013
ocm37806059,0060187417
ocm38130544,0765601125;0765601133
ocm29515496,9781878741141;1878741144
ocm38504272,0393046656
ocm25336282,0962933406
ocm37903500,0195116348;9780195116342;0195140494;9780195140491
ocm39605297,0765603179
cbh-000671,0404579442
ocm39368581,1887178988
ocm37742283,0865342695
ocm40135627,0966343506
ocm36032223,0965233103
ocn886979677,0674525515
ocm35125068,0932087523
ocn231831788,048622967X
ocm23287605,0810931184
ocm39615264,0300077521
ocm21391017,1555214363
ocm39045229,0375401040;9780375401046;0375700978;9780375700972
ocm39695674,0060183527
ocm12749731,0877223416
ocm38478457,080185945X
ocm39515918,0195126246
ocm40744440,0684824639
ocm00835007,0879320575
ocm05209325,0813112648
cbh-000674,0966910303
ocm34015600,0964825309;0964825317
ocm33919407,0788403036
ocm39157492,188525492X
ocm37640589,0935796908
ocm40397062,0877456704
ocm37588402,0879058412
ocm39256629,0812930029
ocm40120067,0823219003
ocm36713106,1560987626;1560987871
ocm27002254,0913372625
ocm39108587,083890744X
ocm40179927,0807824925;080784778X
ocm31605651,0385313128
ocm40996117,0374119783;0374119740
ocm40698653,1580930271
ocm41315370,0679454829
ocm41564927,1555951724;1555951732
ocm41176669,0823219313;0823219321
ocm42476661,0813367697
ocm43097423,0963468529
ocm02310425,081227282X;081227282x
ocm41156340,0226259382
ocm00754270,0060140798
ocm30617739,0877666296
on1124227165,0521629101
ocm01432163,0806302232
ocm00858319,0837173353
ocm32615549,1882608100
ocm43083402,1565845757
ocm42726230,0916489892
ocm38732246,0931201314
ocm42290149,0931201632
ocm00805184,0195017439
ocm42437105,0823219844;0823219852
ocm42692254,0231107285
ocm41886033,0809223953
ocm29218866,0679404597
ocm44503178,0812931068;0812931076
ocm42935756,0415921368;0415921422
ocm42921273,0231119062;9780231119061;0231119070;9780231119078
ocm41674274,094190122X
ocm44131794,0870999575;0870999583
ocm00980205,0275508404
ocm12313245,0399512012
ocm43567325,0300082266
ocm44406284,1585670677
ocm47225545,0967621402;9780967621401
ocm44947361,1893127206
ocm44550529,1568581726
ocm38595478,1563084740
ocn768125897,0195128567;0195128575
ocm45254553,1557043884;1557043965
ocm34616957,0847819345
ocm01659563,0890620105
ocm03139299,533001714
ocm40193515,0761989390;0761989404
ocm11623002,0060154195
ocm44066923,048641230X
ocm04232584,0524474951
ocm41164739,0965233138
ocm41763879,089257013x
ocm00666816,0804690332
ocm01011907,0518100618
ocm44518347,1566398460;1566398479
ocm42892146,0814798667
ocm00803972,0911104135
ocm27897755,0679748172
ocm45556221,0890133832;0890133840
ocm11831922,0380647257
ocm16225447,0151040400;0156036002
ocm18682480,0810821931
ocm18961959,0810918870;0870995413;0870995405
ocm00482364,0807811947:
ocm18255179,0195045114
ocm18322126,0295967021
ocm18624318,0195053508
ocm17479075,0828906858
ocm16680948,0815624131;0815602197
ocm19779386,0847811220;0847811220
ocm00106215,0486224929;0486224910
ocm19553430,087474427X;0874744024
ocn842128238,0195033531
ocm20296507,0916489477
ocm20012504,0195052854
ocm00217345,0070251142
ocm10779041,0816011249
ocm19722959,0910413223
ocm20260994,0912724196;9780912724195
ocm20294346,155787056X;155787056X
ocm19921037,0801418291;0801418291
ocm20295965,1557870551
ocm20319539,0814778976
ocm00241612,0814717535:
ocm00251341,0807054526
ocm00093982,0871980894
ocm00118795,0837118506
ocm00081893,0871980827
ocm00160477,0838309224
ocm00666680,0271011173
ocm00214330,0804680916:
ocm00605160,0823301869:
ocm00179682,0684123703:
ocm00045690,0871980819
ocm00082596,0814314082
ocm00050791,023103119X
ocm00448004,0812902483
ocm00051449,0871980711
ocm00163483,067046435X
ocm19849079,088738806X
ocm21058019,0823212459
ocn321009334,0888350260;0888350244
ocm20148762,9221064352
ocm22380463,0931311063
ocm21675828,0393029026
ocm22691338,0915557681
ocm20930241,0962540005
ocm20566813,0520070380;0520068947
ocm21041502,0813515777
ocn477052428,0896600211
ocm00063897,0801810647
ocm11573604,0806310499
ocm15163762,0872731081
ocm21950847,0520070739
ocm22629608,0671677047
ocm22113189,0671677039
ocm19321632,0810918943
cbh-000689,0486222845;0486222853
ocm02694848,0486233618
ocm21408321,0442318405
ocm00139827,0486220125
ocm23048875,0316181374
ocm23652329,0394576268:
ocm23178800,1557781931
ocm00012828,0486220036
ocm20595720,0486263010
ocm21678167,1557281874
ocm03294327,0486233960
ocm23766215,0886876214
ocm23131142,1878741004
ocm23217681,0394584171
ocm24793097,0810825163
ocm22665566,0688098916
ocm13093230,091133310X
ocm24694565,0803941021;0803941013
ocm24320081,0465054331
ocm23690829,0815625537
ocm01079653,0816619905
ocm25026616,1555700594
ocm25509235,0671600885
ocm25026461,0877453667
cbh-000690,0486269361
ocm18105938,0872731154
ocm00664346,0517500604:
ocm24847077,0195051289
ocm10390325,0960962247
ocm24872240,0926019589
ocm25409338,0899507131
ocm24430507,0801499518;0801426510
ocm24628410,1560981695
ocm16095175,0252014812
ocm25372861,0674381157
ocm25008140,0688067840
ocm24429188,0877229341
ocm24066735,0517582554
ocm26096142,0312082762
ocm07976149,048624136X
ocm00208239,0810804271
ocm26502717,006016610X
ocm25550126,0195075919;0195092651
ocm00578111,0525078266
ocm01229431,0275438406
ocm00010843,0486221792:
ocm02121043,0060140690;0060140682
ocm27735568,0674018206
ocm25747334,0913820172
ocn964616302,0195078268
ocm27035246,0394556410
ocm27106133,0918006228
ocm26544496,0253331986;9780253331984;0253207932;9780253207937
ocm00573104,0486228738
ocm02425137,0394722515
ocm26767473,0821219294
ocm07653455,0394505956;0394749642
ocm25675650,0942063201
ocn228665165,0713990910
ocm01528224,0878460888
ocm00269102,0824200012
ocm08055086,0486241378
ocm29314871,0803955790;0803955782
ocm30045422,1565841085;9781565841086
ocm00196242,0231035098
ocm00193233,0195014561
ocm00789668,0405050798
ocm00183047,039446589X
ocm29181657,0860913902
ocm29625222,0893815438;0893815640
ocm28293571,0517591340
ocm30357003,0915018497;0870697072
ocm29518583,0897334043
ocm13537814,0939802244
ocm08493678,0394527925;0394712153
ocm00640804,039448388X;0394706226
ocm00130430,0195013670
ocm03121046,038508031X
ocm00983715,0671216104
ocm06182941,0933250037
ocm03481309,0872730670
ocm29312619,0883600749
ocm02331510,0395246741
ocm00640402,0486228525
ocm08169682,0877222584
ocm29389804,0520083946
ocm00158163,0137401000
ocm03003234,0801817986
ocm00258000,0394316452;0394473493
ocm01174469,0805235841;0805204733
ocm01339674,0801817080
ocm00104884,0231034229
ocm00135308,0262190702
ocm00026117,0801404975:
ocm13062922,0195040155
ocm00427578,0807054305
ocm18872646,0395510910;9780395510919
ocm16087194,0847808637
ocm30026683,1558593284
ocm30894933,0395597706
ocm19457794,0486260089
ocm00061951,0874740908
ocm00762239,0870231324
ocm08833260,0892570636
ocm29792254,0262133024
ocm30547827,0394580230
ocm00102153,026264004X;9780262640046;0262640058;9780262640053;0262640066;9780262640060;0262640074;9780262640077;0262640082;9780262640084;0262640090;9780262640091
ocm29846419,0231099800;0231099819
ocm01032095,0821204963;0821206214
ocm00399522,25320133X
ocm00402366,0873950836;0873951832
ocm31076734,0883600838
ocm31173900,0807821993;0807845116
ocm27916974,0879726008;0879726016
ocm08132291,0910050600
ocm12427818,0896595293
ocm00746002,0139130799;0139130535
ocm31936005,188511902X
ocm31660846,0880014199
ocm31865695,1566392888
ocm30547949,1568212429
cbh-000696,0486227855
ocm00570431,0838901417
ocm30891834,0791021904
ocm22004564,0801840686
ocm30702623,051758574X
ocm00050155,080181068X:
ocm00297558,0030880483
ocm21111013,0881561061;9780881561067
ocm18741278,0801420245
ocm01500245,0815601131
ocm32396489,0060926430
ocm00237973,0804740143
ocm00086135,0262070391
ocm00240562,0070149054
ocm28686003,0345325699
ocm13358519,0913256897;091325696X
ocm25286603,0932087167
ocm33441839,0813013984
ocm32469232,0802713122
ocm34523279,0300066767
ocm33817620,0195099273
ocm09157569,0691039984;0691003459
ocm34592227,9069181525
ocn214989519,0844403474
ocm00163482,0306701693
ocm34782707,0393039536;0393314308
ocm33079480,0394534328
ocm34515305,1559634928
ocm00128372,0814314031
ocm34282893,1566394082
ocm00922706,0813507685
ocm01174739,0912765055
ocm01288964,0910050090
ocm00445241,837112931
ocm27814351,0385470142
ocm34410780,0810937921
ocm33440089,0393027392;9780393027396;0393317080;9780393317084
ocm00001067,0829501460
ocm00024596,0837119421
ocm00032582,836912330
ocm00050620,0871980800
ocm00054329,871980797
ocm00060541,0393053873
ocm00070916,837119502
ocm00071452,815621507
ocm00073195,837123453
ocm00079383,0827169027
ocm00082014,815600690
ocm00083145,837135907
ocm00088793,0670547921
ocm00092502,0801954886
ocm00099077,374187436
ocm00100086,823208265;0823208257
ocm00101936,815600720
ocm00102336,0836955404
ocm00103475,39443563X
ocm00107248,900222018
ocm00108588,80630426X
ocm00112743,0837150930
ocm00115819,0390269808
ocm00117448,0806304251
ocm00127415,0835202607
ocm00133276,0809072335
ocm00134959,0812813057
ocm00138310,0873950720
ocm00139412,0804690146
ocm00146667,0815600798
ocm00148194,0870687346
ocm00152928,0838931286
ocm00158285,0374281890
ocm00163135,0801811333
ocm00172140,019501488X
ocm00194877,037900500X
ocm00194977,0815600836
ocm00195271,0379002620
ocm00201324,0902886002
ocm00213508,0804680922
ocm00214070,0719522536
ocm00219576,0394461908
ocm00240376,0394311477;0394475585
ocm00282004,0394475402
ocm00309582,0690209398
ocm00328924,0316612502
ocm00379200,0804690057
ocm00407877,0465045928
ocm00409523,0060103795
ocm00416513,0877950334
ocm00417039,0151921504
ocm00373960,0394460375
ocn638811054,0717800067;0717800059
ocm00438210,0717802353;0717802345
ocm00439537,0252724526
ocm00483444,087024213X
ocm00517103,0385007604
ocm00553548,0060145315
ocm00570786,0674483804
ocm00578016,0815600917
ocm00584754,0070232865
ocm00589281,0195016459
ocm00624058,0811709361
ocm00626141,403002265
ocm00640266,0385054904
ocm00665188,0691046131
ocm00677139,087861043X;0878610421
ocm00677261,0299064603
ocm00693073,837118131(v.2);837118123(v.1)
ocm00700920,0690002661
ocm00703223,0874850533
ocm00743426,0684133717
ocm00726103,0900592710
ocm00799809,0841503117;0841503109
ocm00799900,0682478113
ocm00801649,0912882085
ocm00803791,0912882077
ocn192132257,0856990589;0856990574
ocm00836225,0716520850
ocm00867944,0844401226
ocm00900764,0127853480
ocm00902914,0379002752
ocm00922430,0399111700
ocm00946157,0275197204
ocm00947917,0835207773
ocm00960105,0837176433
ocm05393399,0841435456
ocm01046125,0805784128
ocm01085641,0405062184
ocm01104085,0226569586
ocm01121074,0691046301
ocm01037116,9231010735
ocm01144745,0835206033
ocm01154264,0669893919
ocm01165062,0812902459
ocm01176685,084440151X
ocm01207554,0684133008
ocm01210719,0226653188
ocm01217333,091288214X
ocm01218553,0691046166
ocm01230649,0684143259
ocm01230704,0802815804
ocm01230831,087111206X
ocm01243635,0226761649
ocm01253905,0912882158
ocm01256151,0882472445
ocm01113452,0804690812
ocm01322087,0672518325
ocm01322886,037900514X
ocm01322887,0379005182
ocm01323709,0486231208
on1048038690,0486229661
ocm01329043,0806304960
ocm01337876,0804690642
ocm01365290,0838901255
ocm01365366,0913344184
ocm01500030,0691069204
ocm01502260,0815601107
ocm01527501,0316088330
ocn977074763,345235711
ocn852634061,0442230699
ocm01622276,0208015574
ocm01659712,0838902030
ocm01676397,0815601123
ocm01737359,0914924028
ocm01848849,0814791638;0814791603
ocm01858551,0151885362
ocm01864902,0801513103
ocm01918495,0812277007
ocm01842115,0208014993
ocm01959401,0253331668
ocm01959596,0231039425
ocm01976758,0379005212
ocm01992099,0379005204
ocm02024699,019501975X
ocm02090786,0912882212;0912882204.
ocm02091474,0379005239
ocm02119347,0379005174
ocm02121405,0394471164
ocm02134240,0875805191;0875800572
ocn223346729,0838902057
ocm02151239,0405095457
ocm04042611,0879231858
ocm02204395,0533021286
ocm02235301,0812276205
ocm02312003,0850331986
ocm02331345,0813906326
ocm02331944,0807101842;9780807101841;0807102733;9780807102732
ocm02401710,0717804739;0717804828
ocm02401837,067012091X
ocm02463398,0379005166
ocm02503998,0835207706
ocm02551157,0805236376
ocm02614220,0394406753
ocn187318687,0837189373
ocm02644111,0837190355
ocm02644554,0486233596
ocm02646180,0026144409
ocm02661060,0394405110
ocm02683413,0195021169
ocn966882300,0910050007
ocm02798020,0405087101
ocm02816944,0533021340
ocm02818073,0130776858
ocm02822503,0892550147
ocm02837392,0910050260
ocm02890486,0872730573
ocm02896145,0517529556
ocm02911025,0804691711
ocm02964255,0804691460
ocm03034670,0688082149;0688032141.
ocm03205282,0814713718
ocm03294548,0262191695
ocm15696591,0943924103
ocm03361034,0486235165
ocm03396713,037900528X
ocm03575641,0892570113
ocm03609512,0910050333
ocn187311095,0705000435(R.P.);0838932037(ALA)
ocm03662142,0915534231
ocm25962557,0691063737
ocm03845380,003021596X
on1039497279,0916530035
ocm04056376,0835211037
ocm04123375,0486236145
ocm04135799,0910050325
ocm03873244,0486235874
ocm04194348,0835210685
ocm04225522,0920374026
ocm04292705,0879232331
ocm00618420,0912882069;9780912882062
ocm04492861,0801411882
ocm04496588,0807104795
ocm04497455,0385140428
ocm04565232,0910684081;0910684073
ocm04592772,0226811158
ocm05616217,0888021232
ocm06143627,0930888022
ocm04834355,0824097912
ocm04933590,0252007263
ocm05029462,0828903522
ocm05029500,0803826974
ocm05101763,0912882387
ocm05102113,0394414780
ocm05410752,0815622090
ocm05678246,0814749941
ocm05726677,0393012735;0393950883
ocm05800731,0313206716
ocm05830112,0394510178
ocm05889305,0452252245
ocm05894030,0816609349
ocm06143453,0872730786
ocm06194319,0393013391
ocm06239628,0912296186
ocm06305249,0671225421
ocm00116988,0837133084
ocm00021767,0486222608
ocm04122635,0486235858
ocm06085917,0810813025
ocm02164565,0486232581
ocm01551226,048620166X
ocm02034649,0486231968
ocm06042838,0195027558;0195027531
ocm00799459,0486229076
ocm05455699,0878461361
ocm06085923,0684162938
ocm06280519,0313213429
ocm04304952,0688033253
ocm06981969,087722210X
ocm07527269,0892570512
ocm06943259,0393056651;9780393056655
ocm06385006,0486238725
ocm06447856,0882252992
ocm02388110,091005021X
ocm00281813,0828901481
ocm07177379,0060148594
ocm06486604,0670746851
ocm06915859,0385146728;0385146736;0385146744;0385146752;0385146760;0385146779
ocm06918813,0394461940
ocm02401322,0872730018
ocm07738362,0910050546
ocm05029726,0316343005
ocm07177754,0801822424
ocm03068108,0486234754
ocm02968615,0823074706
ocm07174822,0879050764
ocm05008427,0873954068
ocm07460590,0910050511
ocm07461472,0486239136
ocm08170304,0262192047
ocm07178264,0700602127
ocm07836913,0870233564
ocm07836628,0910050554
ocm07814230,0195030486;0195030494
ocm03843955,0809026171;0809001330
ocm05940245,0933250029
ocm07444528,0933250045
ocm00834874,0394480767
ocm07976923,0910050635
ocm07277476,0933250061
ocm07976057,0394510240;0394708415
ocm07945083,039451940X
ocm08012190,091311605X
ocm08386201,083571294X
ocm07305959,019502981X
ocm04774747,0890620717
ocm03379917,0486234940
ocm00409678,0379005034
ocm00446090,0379005042
ocm00482452,0379005050
ocm08495086,0910050619;0910050678
ocm04933795,037900710X
ocm07653314,0379007118
ocm00446089,0379005077
ocm00447408,0379005069
ocm08112913,0521242177
ocm00579625,0379005026
ocm01288461,0379005115
ocm00980251,0379005085
ocm00828426,0379005107
ocm00980252,0379005123
ocm00995034,0379005131;9780379005134
ocm01288426,0379005190
ocm01366134,0379005158
ocm02091533,0379005220
ocm08451640,0910050597
ocm07736835,0841907072;0841907315
ocm08111239,0865280150;0865280142
ocm08051633,0399208739
ocm07773021,091772478X
ocm00324357,0486222179
ocm08833567,0871543486
ocm00267426,0394707567
ocm08170078,0870493531;9780870493539
ocm03649766,0252006089
ocm09054925,0394712714
ocm08494287,0815601794
ocm05750863,0442248415
ocm08220632,0710009348
ocn968372952,0910050643
ocm08763880,0409950580
ocm08115446,0938290002
ocm09054857,0394712692
ocm09054814,0394712706
ocm09324603,0910050805;091005066X
ocm04961349,0933250010
ocm08974902,0910050627
ocm00479886,0192129600
ocm08495123,0810914786
ocm09945222,0393015726;0393300587
ocm09219287,0810909820;9780810909823;0872730964;9780872730960;0295962852;9780295962856
ocm08032219,0374276234
ocm00558866,0810905167
ocm08727526,0874270383;0520048962;0520048954
ocm07461417,0399900969
ocm09066445,0575030356
ocm08866492,0394527461;039471329X
ocm00740889,0801815088
ocm00195636,0306710390
ocm03379998,0379005298
ocm03559596,037900531X
ocm03541559,0379005271;9780379005271
ocm08475018,0195031865
ocm09016499,0911333010;0911333002
ocm08806230,0486244288
ocm08954637,0517402440
ocm09855102,0070713960
ocm09195845,0939432005
ocm08689134,0313225931
ocm03205545,002626580X
ocm07553276,0890621101;0890621098
ocm09416412,0916838684
ocm04961348,0933250002
ocm09217941,0313236879
ocm08866373,0313234582
ocm10072181,0891331158
ocm10046635,0671472801
ocm10724532,0961142219
ocm11186423,0688019439
ocm07406463,0486240185
ocm09946322,096087884X
ocm10778371,0897662466;0897662474
ocm09919144,0299096807
ocm10483705,0394537866
ocm08053096,0536035822
ocm10605150,0838904068
ocm00135658,0804690030
ocm08806282,048624444X
ocm10375565,051755271X
ocm09324381,0813909813
on1008457861,0226902013
ocm00134686,0878460551
ocm00482678,0671212133
ocm10230817,0394725476
ocn749005972,0671216104;9780671216108
ocm10021075,0877795088;0877795096;087779510X
ocm00211544,0878610081
ocm00052689,0838930085
ocm10751948,0910050716
ocm11859544,0933250118
ocm00828370,0379006103
ocm10876473,0312169620
ocm01583711,0486231658
ocm10924134,0807816256;9780807816257;0807816981;9780807816981;0807819263;9780807819265;0807819743;9780807819746;0807820075;9780807820070
ocm10754210,0805207759
ocm11371221,0471869775
ocm11112550,0306415828
ocm08493423,0486243885
ocm11316830,0910050732
ocm11809234,0942000048
ocm10996639,0674093607;0674093615
ocm00118830,068410007X
ocm01144625,0060146168
ocm18135703,0892570377
ocm04957496,0394410793
ocm10404303,0910050708
ocm10727107,0911333118;0911333126
ocm11067514,0911333215;0911333312
ocm10375029,0802224563
ocm00730880,0674644956
ocm11447784,0897890655
ocm12975172,0932087000
ocm11721531,0891331077;0891331085
ocm11785435,0195036107
ocm00601013,088238001X
ocn404091971,0870994271;9780870994272;039455101X;9780394551012
ocm00309382,0060122390
ocm12262348,0671462962
ocm00867993,0394486897;0394709411
on1015535361,0920476066
ocm11262154,0486248631
ocm10402780,0935912150
ocm08785046,0486242315
ocm11157939,0300032250
ocm08084696,0486241548
ocm00241582,0674367618
ocm00076769,0827169086
ocm00116730,0674607031
ocm00656664,0670109282
ocm12945767,0897811437
ocm00528907,0070260532
ocm00180444,0195014103
ocm08111762,0941434001
ocm12188878,025201250X
ocm13214962,0807611522
ocm00740906,0684137089;9780684137087
ocm00219780,0804680973
ocm13185201,0823074250
ocm00787159,0801407893
ocm13327845,0262070952
ocm10348563,0804693501
ocm08194741,0486242994
ocm08476638,0486244032
ocm13218638,0815602049
ocm11043069,0688041442;0688041434
ocm02330890,0828902909
ocm13333373,0030079896;9780030079894;080500078X;9780805000788
ocm15016249,0810917882
ocm00797657,080710213X
ocm00144692,0498078426
ocm01056338,0913344176
ocm00571984,0070383103
ocm00258548,0912296003
ocm00122383,0674483650
ocm00315166,0910946159
ocm00124571,0912012110
ocm00308585,0060136626
ocm00104640,0871980908
ocm00927441,040407300X
ocm00516545,0064300307;9780064300308
ocm00004700,067132084X
on1011862669,0399110100
ocm01921233,0385112300;0385111754.
ocm14904160,0195043669
ocm13062917,0911020144
ocm03169184,0804692084
ocm15661500,0025334905
ocm13525269,0820308919
ocm11812485,0517558580
cbh-000745,0801811120
ocm00010950,0837110645
ocm00623456,087000185X
ocm00482576,0870001701
ocm15196618,0887065457;0887065449
ocm04593022,0306775441
ocm15198472,025336342X;0253204461
ocm15084055,0394550269
ocm15366679,0231061307;0231061315
ocm00090973,0870990047
ocm16406943,0292707487
ocm00673130,0813904765
ocm00226680,0870991086
ocm00805124,0517506017
ocm14520708,0913256927;0913256889
ocm17480009,0465032125;9780465032129;0465032117;9780465032112
ocm17265738,0814757634
ocm16085581,0930031113
ocm17461790,0916489213
ocm15107469,0826206190
ocm17858878,0500274975
ocm07174510,084440358X
ocm15792408,0887360955;0887360947
ocm02000367,0140208569;9780140208566
ocm17738169,0-916489-23-x
ocm00067981,0837129354
ocm00596878,0837162661
ocm17619347,0810924005;0810915286
ocm17510109,0670805580
ocm15791666,0810820307
cbh-000756,0300043589;0300042981
ocm16714028,0195052374
ocm16923131,0517560011
ocm18135663,0819552119
ocm00947858,0275437000
ocm17477021,1557870225
ocm17439459,0872731138;9780872731134
ocm18350922,082121733X;0821217267
ocm18221218,0940365014
ocm00192871,0517105233;9780517105238;0070012598;9780070012592
ocm18424663,0932757022
ocm57549767,0312317611;9780312317614
ocn177019502,0252033361;9780252033360
ocm35001877,039304047X;9780393040470
ocn185021540,9781588521507;1588521508
ocn166873877,9780767920148;0767920147
ocn188535862,9780786435371;0786435372
ocn173183463,9781423104469;1423104463
ocm49338004,1586635964;9781586635961
ocm51088101,1568983972;9781568983974
ocn153578341,9781416542100;1416542108
ocm48753950,1555704301;9781555704308
ocn225087744,9780393064773;0393064778
ocn232981628,9781596524354;1596524359
ocn212627121,9780061253812;0061253812
ocn176894745,9780465002573;0465002579
ocn221665734,1931666288;9781931666282
ocm48958322,0060099437;9780060099435
ocm52964493,0743464877;9780743464871
ocm01451256,0517501562;9780517501566
ocn230916168,9781596295001;1596295007
ocn227931085,9780814757307;0814757308
ocn153580944,0978689941;9780978689940
ocm70638131,1932022082;9781932022087
ocn227031622,9781604731118;1604731117;9781604731125;1604731125
ocn233547925,9781594488566;1594488568
ocn232536761,9780670020362;0670020362
ocn273815541,9780814740613;0814740618;9780814740866;0814740863
ocn154706898,9780393330021;0393330028
ocn277136420,9780786441945;0786441941
ocm61261250,0934223858;9780934223850
ocn436454661,9780980000177
ocn258332257,0810996332
ocn220008102,9781904558910;1904558917
ocn276816644,9780823230396;0823230392;9780823230402;0823230406
ocn317925911,9780738564692;0738564699
ocn299280740,9780962536854;0962536857
ocn213407319,9780742560796;0742560791;9780742560802;0742560805
ocn244246690,9780784409480;078440948X
ocn182941656,9780979967900;0979967902
ocn386708228,0916346765;9780916346768
ocm57181878,0595309526;9780595309528
ocm52570101,0595271057;9780595271054
ocm52759442,059526848X;9780595268481
ocm51774334,1893127230
ocm40892083,1550710605
ocm40145139,1885134142;9781885134141
ocn289070718,9780691139166;0691139164;9780691139173;0691139172
ocn176972569,9780805087697;0805087699;9780805088052;0805088059
ocm61895021,0321344758;9780321344755
ocn191219628,1424182735;9781424182732
ocn317471847,9780300154672;0300154674
ocn481599253,0977869601;9780977869602
ocn424511389,9780930248147;0930248147
ocm70876446,0975408909;9780975408902
ocn377799584,9780738565989;0738565989
ocm00622607,0838901409;9780838901403
ocn537883809,9780856676697;0856676691
ocm00525271,0399109056;9780399109058
ocm30625938,1563081415;9781563081415
ocn317454177,9781906155827;1906155828
ocn948311982,1595586431;9781595586438;9781595581037;1595581030
ocn318869627,9780820334264;082033426X;9780820334271;0820334278
ocn428926481,9780807833261;0807833266
ocm50725204,006000570X;9780060005702
ocn317919383,9780393049343;0393049345;9780393339741;0393339742
ocm15696645,0231066414;9780231066419
ocn286504300,9780815681533;0815681534
ocn464581439,9780195383850;0195383850;9780195383867;0195383869
ocn428728325,9780981891217;0981891217
ocm77522739,1931666245;9781931666244
ocn435418536,9780465013364;0465013368
ocm16983361,0880971037;9780880971034
ocn491922845,9780802119469;0802119468
ocm48858129,1558493441;9781558493445;1558493611;9781558493612
ocn527702847,9780195314250;0195314255
ocn601096674,9780393066180;0393066185
ocn535490473,9781594202667;1594202664;9780143119968;0143119966
ocn611966220,9780801448782;0801448786
ocn500797255,9780385526548;0385526547
ocn537308767,9781608190041;1608190048
ocn650020045,9780300114652;0300114656
ocn681900623,098434960X;9780984349609
ocn244063915,9781402761133;1402761139
ocn496595543,9780231147422;0231147422;9780231147439;0231147430;9780231519397;0231519397
ocm77574655,0915895315;9780915895311
ocn427644809,9781595722096;1595722092;9781595722102;1595722106
ocn316311636,1436323843;9781436323840;9781436323864;143632386X;9781436323833;1436323835;1436323851;9781436323857
ocn664840167,9780300162554;0300162553
ocn640510990,9780195387315;0195387317
ocn649701973,9780820338002;0820338001;9780820338231;0820338230
ocm50011678,0140096531;9780140096538
ocn639161278,9781596917026;1596917024
ocn635459419,9780525952015;0525952012
ocn700042301,9781451627541;1451627548
ocn705568292,9781593720469;1593720467
ocn836906432,9789074861335;9074861334
ocn746618729,9780300181142;0300181140
ocm28799359,1555216722;9781555216726
ocm45821643,0385492790;9780385492799
on1039574564,0674013670;9780674013674
on1065385609,0345467833;9780345467836
ocn792928419,9781847024381;1847024386
ocn181139971,9781595580542;1595580549
ocm64573520,0195304519;9780195304510
ocm60328442,0810123150;9780810123151
ocm38304424,0393046583;9780393046588;0393317870;9780393317879
ocn724664909,9780486486376;0486486370
ocn449881099,9780757314667;075731466X
ocn657786488,9780982772409;0982772408;9780982772416;0982772416
ocn713203883,9780615428055;0615428053
ocn470820106,9781566568050;1566568056
ocm48113711,8887365032;9788887365030
ocn613983412,9781440150029;1440150028
ocn709938471,9781584234074;1584234075
ocn700930322,9781595722799;1595722793;9781595722805;1595722807
ocm60520600,1410799352;9781410799357
ocn740458899,9781878741950;1878741950
ocn793729949,9781153504256
ocn701019075,9781594161223;1594161224
ocn762390774,9781935922049;1935922041
ocn428082642,9781556138041;1556138040
ocn759966348,9781615849437;1615849432
ocn226351533,9781419683862;1419683861
ocn663975038,9780578062365;0578062364
ocm52943050,1878282298;9781878282293
ocm53962983,0521528623;9780521528627
ocn220420401,9781416557081;1416557083
ocm28506575,0811705366;9780811705363
ocm28951336,0913372676;9780913372678
ocn137292603,9780738549750;0738549754
ocm61261232,0871044560;9780871044563
ocn299043622,9781598585827;1598585827
ocm29256470,0446516953;9780446516952
ocn649089785,9789057306266;9057306263
ocm45180935,0760720592;9780760720592
ocn646307745,9780771071263;0771071264
ocm00694032,0316104299;9780316104296
ocm71247784,0977722007;9780977722006
ocm38437142,0944641172;9780944641170
ocn174043252,9780615152745;0615152740
ocm79003629,9781416552208;1416552200;9780743277778;0743277775
ocn316543951,1878741772;9781878741776
ocn784708367,9781609496555;1609496558
ocn319498302,9781596525252;1596525258
ocn181340751,9780966698213;0966698215
ocm29527436,0963191128;9780963191120
ocm21170275,0930046099;9780930046095
ocm61192728,1410789640;9781410789648
ocm52568297,0972370307;9780972370301
ocm55511084,094464161X;9780944641613
ocn756596899,9780253001771;0253001773;9780253001870;0253001870
ocm20594576,0914507001;9780914507000
ocn500822694,9780738572437;0738572438
ocn759050046,9781617032585;1617032581;9781617032592;161703259X
ocn774147862,9781421406251;9781421407234;142140625X;142140723X
ocn702358000,9781438437699;1438437692
ocn779266306,9781451627480;1451627483
ocn816317560,9781609492731;1609492730
ocn775418798,9781598531961;1598531964
ocn862785512,9781935195375;1935195379
ocn818735092,9780813141824;0813141826
ocm38014127,0375400311;9780375400315;0375700110;9780375700118
ocn977928063,9780300191073;0300191073
ocn819741863,9781409406556;1409406555
ocn806015322,9781616891183;1616891181
ocn832315006,0847841332;9780847841332;0847841715;9780847841714
ocm24920093,0607412143;9780607412147
ocn865006857,188670547X;9781886705470
ocn855581001,9781609498108;1609498100
ocn878684980,1929377045;9781929377046
ocn878685122,1882895193;9781882895199
ocn268790583,9781592450732;1592450733
ocm11443223,0884330079;9780884330073
ocn885212245,9780991014118;0991014111
ocn889070782,9781882895366;1882895363;188289538X;9781882895380
ocn889069628,9781933535067;1933535067
ocm32092282,067189644X;9780671896447
ocn881386555,9780544262287;054426228X
ocn876883317,9780814724156;0814724159;9781479874477;1479874477
ocn886381778,9781613320167;1613320167
ocn881423536,3319057618;9783319057613;3319057634;9783319057637
ocn679938954,9781929355716;1929355718
ocn842337656,9781609499822;1609499824
ocm41335816,1878741365;9781878741363
ocn859269575,9780966343519;0966343514
ocm75964619,0375702741;9780375702747
ocn652743764,9780757003639;075700363X
ocn465330360,9780486477350;0486477355
ocn665169105,9780738573434;0738573434
ocn301948154,9781886223394;1886223394
ocm10817751,0843782471;9780843782479
ocn900158156,9780393244076;0393244075
ocn886493343,9780300189902;0300189907
ocn769990457,9781609804480;1609804481
ocn780321430,9781467506205;1467506206
ocn501814341,9780980059021;098005902X
ocm57652233,0975251724;9780975251720
ocn310397917,9780743292825;0743292820;9780743292894;0743292898
ocn904157150,9781935925484;1935925482
ocn854666659,9781482341331;1482341336
ocn867860322,9781432783969;1432783963
ocn902852995,1931666733;9781931666732
ocn244057628,1436303850;9781436303859
ocn759913909,9781609495299;1609495292
ocn819905107,9780872731738;0872731731
ocn905347343,9781470063504;1470063506
ocn681408032,0898221285;9780898221282
ocn905349843,9780615985039;0615985033
ocn905348968,9781497404632;1497404630
ocm64427828,0595304540;9780595304547
ocn769540188,9780399247088;0399247084
ocn701015377,9780465027651;0465027652
ocn741541933,9781462021697;1462021697
ocn889164768,9780813060576;0813060575
ocn707842597,9781609492885;1609492889
ocn861676510,9781931764483;1931764484
ocm43443820,0913911011;9780913911013
ocm43474389,0945903375;9780945903376
ocn555650046,9780803234536;0803234538
ocn646395862,9780393339055;039333905X
ocm27995064,0806313803;9780806313801
ocm44446589,0940134152;9780940134157
ocn900608869,9781621901198;162190119X
ocn665042881,0199772355;9780199772353
ocm54313923,0375702644;9780375702648
ocm40815876,1573227161;9781573227162;1573220914;9781573220910
ocn316038087,9780674034907;0674034902
ocn809770258,9781937146122;193714612X
ocn233591815,9780415990332;0415990335;9780415990349;0415990343;9780203885727;0203885724
ocm61211189,0811849597;9780811849593
ocn693810198,9781580053327;1580053327
ocn708355145,9781936107346;1936107341
ocn915733160,9781558857650;1558857656
ocm35964006,087946108X;9780879461089
ocm30783254,0823918386;9780823918386
ocm54462005,0415321638;9780415321631;0415321646;9780415321648
ocm37539405,0823924467;9780823924462
ocn630468240,9780814767368;0814767362;9780814767375;0814767370;9780814768181;0814768180
ocm38426092,0805049533;9780805049534
ocn904563115,9788862084017;8862084013
ocn778420471,9780762447367;0762447362
ocn318071298,0897258452;9780897258456
ocn910968836,9780615922690;0615922694
ocn891942260,9780810893238;0810893231;9780810892170;0810892170
ocn911953257,9780970843920;0970843925;9780970843913;0970843917
ocn892519764,9780988435810;0988435810
ocn914511925,0989022935;9780989022934
ocm86107282,9780738549309;0738549304
ocn908336521,9780692217009;0692217002
ocm52718197,094464158X;9780944641583
ocn320189271,9780764333408;0764333402
ocm40912669,1879511436;9781879511439
ocn802251603,9781891507021;1891507028
ocn927109036,9781512256628;1512256625
ocn913529974,9780982604038;0982604033
ocm38246964,1571671544;9781571671547
ocm57118750,0738535311;9780738535319
ocn895338274,9780786477999;0786477997
ocm70661673,1878892193;9781878892195
ocn613344912,1878892215;9781878892218
ocn317573779,1878892061;9781878892065
ocn793323083,9781878892270;1878892274
ocn910334706,9781611328639;1611328632;9781611328646;1611328640
ocn953517818,9781936941117;1936941112
ocn934652660,9781878892331;1878892339
ocn906010865,9781479892945;1479892947
ocn899332305,1580934226;9781580934220
ocn920017303,9780300181371;030018137X;9780300227116;0300227116
ocn939528209,0921338309;9780921338307
ocn939553610,9781517342302;1517342309
ocn884969058,9780615922102;0615922104
ocm86110226,9780596527341;0596527349
ocn670211567,9781589482739;1589482735
ocm60685659,0425199630;9780425199633
ocm47805162,9780689841026;0689841027
ocm57653489,0689862733;9780689862731
ocn867989150,9781872727745;1872727743
ocm70082591,0975516809;9780975516805;0975516817;9780975516812
ocm76481466,9781572439528;1572439521
ocn733969872,9781934690291;1934690295
ocn173261621,9781402752285;1402752288
ocm60826456,078642060X;9780786420605;9780786464135;0786464135
ocn701495058,9780199772414;019977241X
ocn933580746,9780996331135;0996331131
ocn926061467,9780674545069;0674545060
ocn123896427,9780979288609;0979288606
ocm43145480,9780879281182;0879281189
ocn944086816,9781498512558;1498512550
ocm11854667,0891904085;9780891904083
ocm61853020,0788433474;9780788433474
ocm56682220,1587363909;9781587363900
ocn952048220,9781943445165;1943445168
ocm00508050,0839810865;9780839810865
ocm58423283,1562519808;9781562519803
ocn941875230,9780823273577;0823273571
ocn853683936,9780615740379;0615740375
ocn847533444,089725919X;9780897259194
ocn946462859,9780764351822;0764351826
ocn953707972,9781524604424;1524604429
ocn144383969,0615133711;9780615133713
ocn967671686,1432645102;9781432645106
ocm57566092,0533147697;9780533147694
ocn960882501,9780931828003;0931828007
ocm00024754,0871980703;9780871980700
ocm37586432,0965833356;9780965833356
ocn824352918,9781477299777;1477299777;9781477299760;1477299769
ocm00072094,0828100209;9780828100205
ocn221280796,1887764682;9781887764681
ocn472159117,9789046804483;9046804488
ocm53443172,1929154151;9781929154159
ocm76876467,0738545597;9780738545592
ocm48072782,0738508705;9780738508702
ocn959808903,9781631492853;1631492853
ocm61733495,0961626933;9780961626938
ocm76064399,096162695X;9780961626952
ocm52862588,0961626941;9780961626945
ocm76064416,0961626968;9780961626969
ocn988400468,9781537308869;1537308866
ocn992441199,0933250088;9780933250086
on1000548164,9783319501758;3319501755
ocn995852883,9780970843975;0970843976
ocn995852538,9780970843968;0970843968
ocn995853364,9780970843982;0970843984
ocm50045525,0965833305;9780965833301
ocn710799435,1450035191;9781450035194;1450035205;9781450035200
ocm39863893,034542655X;9780345426550;0345915046;9780345915047
ocn870516970,1620406667;9781620406663
ocn985075968,9781495505492;1495505499
on1002219641,9780970843944;0970843941
ocn228111547,9780980001808;0980001803
ocm57733994,0930973259;9780930973254
ocn967791055,9781438466309;1438466307
ocn974612664,9780195116359;0195116356
ocn975018812,9781566894883;1566894883
ocm58789405,0071431322;9780071431323
on1008969627,9780970843951;097084395X
ocn972386128,9780316501217;0316501212;9780316501224;0316501220
ocn234711874,9780979957307;0979957303
ocn995332637,1625858876;9781625858870
on1016165716,0970832494;9780970832498
ocn892794746,9781621572664;1621572668
ocn862516037,9780615824734;0615824730
ocm54434801,0930973291;9780930973292
ocn244659819,9780761339571;0761339574;0761339590;9780761339595;9780329789688;0329789686
on1005113545,1490783954;9781490783956
ocn303508393,0941980502;9780941980500
ocn123437597,1425725058;142572504X;9781425725051;9781425725044
ocm59182609,0743235525;9780743235525
ocn906149803,0931141893;9780931141898
ocn881831752,9780918004017;0918004012
ocn895281263,9780988691612;0988691612
ocn959038079,9781612549262;1612549268
on1002128307,9780692881491;0692881492
ocn974688338,9781617755903;1617755907
ocm01299974,0877497613;9780877497615
ocn957022408,9781620400517;1620400510
ocn907206380,9781467123402;1467123404
ocn428024213,9780142415443;0142415448
ocm08461203,0892570083;9780892570089
ocn741252075,9780819571670;0819571679;9780819571687;0819571687
ocn923794829,9780991327188;0991327187;9780991327171;0991327179
ocn821218759,1475960417;9781475960419
ocn891400483,9781312331693;1312331690
on1049149712,9781500847630;1500847631
ocn468974733,9780615308371;0615308376
on1049804407,9781478781912;1478781912
on1050113959,9780615233253;0615233252
on1050436368,9780984349654;0984349650
on1050437012,9780984349623;0984349626
on1050437132,9780984349661;0984349669
on1050437146,9780984349647;0984349642
on1050436914,9780984349678;0984349677
on1012656759,9780553419320;0553419323
on1051458730,9780984349685;0984349685
on1051458752,9780996072717;0996072713
ocn952603002,9780789014832;0789014831
ocm42667930,0789007789;9780789007780;0789008130;9780789008138
on1037040339,1438471548;9781438471549
on1065525559,9780986040498;0986040495
on1048934797,9781475840957;1475840950;9781475840940;1475840942
on1031948300,9781250169914;1250169917
on1054834466,9781606353660;1606353667
on1053608845,9780300242522;0300242522
on1055573698,9780525656241;0525656243
cbh-002179,9781790626601
cbh-002181,9780996072762
cbh-002182,9780996072755
cbh-002183,9780996072779
cbh-002184,9780996072793
cbh-002185,9780996072731
cbh-002186,9780996072724
cbh-002187,9780996072786
cbh-002188,9780996072748
on1050339308,9781979234689;197923468X
cbh-002189,9781983684340
on1120053773,9781796823974;179682397X
ocn701104676,1451593821;9781451593822
ocn957589205,9780674503854;0674503856
on1078990853,1606391100;9781606391105
on1121477777,9780847865895;0847865894
on1089408144,0691165386;9780691165387
on1089853467,9780226476261;022647626X
ocn271836340,1932948449;9781932948448
ocn496958983,9780521849647;0521849640;9780521614870;0521614872
ocm57201874,0521600790;0521840953;9780521600798;9780521840958
on1029247639,9780520299122;0520299124
